Designator,Val,Package,Mid X,Mid Y,Rotation,Layer
"C4","100n","C_0603_1608Metric",-173.611700,-69.549400,-90.000000,bottom
"C4","100n","C_0603_1608Metric",-123.891700,-102.029400,-90.000000,bottom
"C4","100n","C_0603_1608Metric",-148.751700,-102.029400,-90.000000,bottom
"C4","100n","C_0603_1608Metric",-173.611700,-102.029400,-90.000000,bottom
"C4","100n","C_0603_1608Metric",-99.031700,-102.029400,-90.000000,bottom
"C4","100n","C_0603_1608Metric",-148.751700,-69.549400,-90.000000,bottom
"C4","100n","C_0603_1608Metric",-99.031700,-69.549400,-90.000000,bottom
"C4","100n","C_0603_1608Metric",-123.891700,-69.549400,-90.000000,bottom
"C5","4u7","C_0805_2012Metric",-171.811700,-101.848800,-90.000000,bottom
"C5","4u7","C_0805_2012Metric",-171.811700,-69.368800,-90.000000,bottom
"C5","4u7","C_0805_2012Metric",-146.951700,-101.848800,-90.000000,bottom
"C5","4u7","C_0805_2012Metric",-97.231700,-101.848800,-90.000000,bottom
"C5","4u7","C_0805_2012Metric",-122.091700,-69.368800,-90.000000,bottom
"C5","4u7","C_0805_2012Metric",-146.951700,-69.368800,-90.000000,bottom
"C5","4u7","C_0805_2012Metric",-97.231700,-69.368800,-90.000000,bottom
"C5","4u7","C_0805_2012Metric",-122.091700,-101.848800,-90.000000,bottom
"D1","1N4148","D_SOD-123",-150.751700,-69.595700,-90.000000,bottom
"D1","1N4148","D_SOD-123",-125.891700,-69.595700,-90.000000,bottom
"D1","1N4148","D_SOD-123",-101.031700,-69.595700,-90.000000,bottom
"D1","1N4148","D_SOD-123",-150.751700,-102.075700,-90.000000,bottom
"D1","1N4148","D_SOD-123",-175.611700,-69.595700,-90.000000,bottom
"D1","1N4148","D_SOD-123",-175.611700,-102.075700,-90.000000,bottom
"D1","1N4148","D_SOD-123",-125.891700,-102.075700,-90.000000,bottom
"D1","1N4148","D_SOD-123",-101.031700,-102.075700,-90.000000,bottom
"D2","1N4148","D_SOD-123",-125.491700,-95.675700,90.000000,bottom
"D2","1N4148","D_SOD-123",-125.491700,-63.195700,90.000000,bottom
"D2","1N4148","D_SOD-123",-150.351700,-95.675700,90.000000,bottom
"D2","1N4148","D_SOD-123",-150.351700,-63.195700,90.000000,bottom
"D2","1N4148","D_SOD-123",-100.631700,-95.675700,90.000000,bottom
"D2","1N4148","D_SOD-123",-175.211700,-95.675700,90.000000,bottom
"D2","1N4148","D_SOD-123",-175.211700,-63.195700,90.000000,bottom
"D2","1N4148","D_SOD-123",-100.631700,-63.195700,90.000000,bottom
"D3","SS14HE","D_PowerDI-123",-169.656800,-50.980000,-90.000000,bottom
"D3","SS14HE","D_PowerDI-123",-119.936800,-83.460000,-90.000000,bottom
"D3","SS14HE","D_PowerDI-123",-119.936800,-50.980000,-90.000000,bottom
"D3","SS14HE","D_PowerDI-123",-144.796800,-50.980000,-90.000000,bottom
"D3","SS14HE","D_PowerDI-123",-95.076800,-50.980000,-90.000000,bottom
"D3","SS14HE","D_PowerDI-123",-144.796800,-83.460000,-90.000000,bottom
"D3","SS14HE","D_PowerDI-123",-169.656800,-83.460000,-90.000000,bottom
"D3","SS14HE","D_PowerDI-123",-95.076800,-83.460000,-90.000000,bottom
"R3","120k","R_0805_2012Metric",-135.058400,-96.276000,90.000000,bottom
"R3","120k","R_0805_2012Metric",-159.918400,-96.276000,90.000000,bottom
"R3","120k","R_0805_2012Metric",-110.198400,-63.796000,90.000000,bottom
"R3","120k","R_0805_2012Metric",-110.198400,-96.276000,90.000000,bottom
"R3","120k","R_0805_2012Metric",-135.058400,-63.796000,90.000000,bottom
"R3","120k","R_0805_2012Metric",-159.918400,-63.796000,90.000000,bottom
"R3","120k","R_0805_2012Metric",-85.338400,-63.796000,90.000000,bottom
"R3","120k","R_0805_2012Metric",-85.338400,-96.276000,90.000000,bottom
"R4","100k","R_0805_2012Metric",-109.235100,-61.052800,180.000000,bottom
"R4","100k","R_0805_2012Metric",-84.375100,-61.052800,180.000000,bottom
"R4","100k","R_0805_2012Metric",-109.235100,-93.532800,180.000000,bottom
"R4","100k","R_0805_2012Metric",-158.955100,-61.052800,180.000000,bottom
"R4","100k","R_0805_2012Metric",-84.375100,-93.532800,180.000000,bottom
"R4","100k","R_0805_2012Metric",-158.955100,-93.532800,180.000000,bottom
"R4","100k","R_0805_2012Metric",-134.095100,-61.052800,180.000000,bottom
"R4","100k","R_0805_2012Metric",-134.095100,-93.532800,180.000000,bottom
"R5","100k","R_0805_2012Metric",-163.169600,-70.349200,180.000000,bottom
"R5","100k","R_0805_2012Metric",-88.589600,-102.829200,180.000000,bottom
"R5","100k","R_0805_2012Metric",-113.449600,-102.829200,180.000000,bottom
"R5","100k","R_0805_2012Metric",-138.309600,-102.829200,180.000000,bottom
"R5","100k","R_0805_2012Metric",-113.449600,-70.349200,180.000000,bottom
"R5","100k","R_0805_2012Metric",-88.589600,-70.349200,180.000000,bottom
"R5","100k","R_0805_2012Metric",-138.309600,-70.349200,180.000000,bottom
"R5","100k","R_0805_2012Metric",-163.169600,-102.829200,180.000000,bottom
"R6","120k","R_0805_2012Metric",-161.391600,-68.317200,0.000000,bottom
"R6","120k","R_0805_2012Metric",-111.671600,-68.317200,0.000000,bottom
"R6","120k","R_0805_2012Metric",-136.531600,-68.317200,0.000000,bottom
"R6","120k","R_0805_2012Metric",-111.671600,-100.797200,0.000000,bottom
"R6","120k","R_0805_2012Metric",-86.811600,-68.317200,0.000000,bottom
"R6","120k","R_0805_2012Metric",-161.391600,-100.797200,0.000000,bottom
"R6","120k","R_0805_2012Metric",-86.811600,-100.797200,0.000000,bottom
"R6","120k","R_0805_2012Metric",-136.531600,-100.797200,0.000000,bottom
"R7","10k","R_0805_2012Metric",-161.696400,-90.535600,90.000000,bottom
"R7","10k","R_0805_2012Metric",-111.976400,-90.535600,90.000000,bottom
"R7","10k","R_0805_2012Metric",-136.836400,-58.055600,90.000000,bottom
"R7","10k","R_0805_2012Metric",-87.116400,-58.055600,90.000000,bottom
"R7","10k","R_0805_2012Metric",-161.696400,-58.055600,90.000000,bottom
"R7","10k","R_0805_2012Metric",-111.976400,-58.055600,90.000000,bottom
"R7","10k","R_0805_2012Metric",-136.836400,-90.535600,90.000000,bottom
"R7","10k","R_0805_2012Metric",-87.116400,-90.535600,90.000000,bottom
"R8","10k","R_0805_2012Metric",-89.046800,-90.533700,-90.000000,bottom
"R8","10k","R_0805_2012Metric",-163.626800,-58.053700,-90.000000,bottom
"R8","10k","R_0805_2012Metric",-89.046800,-58.053700,-90.000000,bottom
"R8","10k","R_0805_2012Metric",-138.766800,-58.053700,-90.000000,bottom
"R8","10k","R_0805_2012Metric",-138.766800,-90.533700,-90.000000,bottom
"R8","10k","R_0805_2012Metric",-113.906800,-58.053700,-90.000000,bottom
"R8","10k","R_0805_2012Metric",-163.626800,-90.533700,-90.000000,bottom
"R8","10k","R_0805_2012Metric",-113.906800,-90.533700,-90.000000,bottom
"R9","1k","R_0805_2012Metric",-167.792400,-69.432900,-90.000000,bottom
"R9","1k","R_0805_2012Metric",-93.212400,-101.912900,-90.000000,bottom
"R9","1k","R_0805_2012Metric",-142.932400,-69.432900,-90.000000,bottom
"R9","1k","R_0805_2012Metric",-142.932400,-101.912900,-90.000000,bottom
"R9","1k","R_0805_2012Metric",-118.072400,-101.912900,-90.000000,bottom
"R9","1k","R_0805_2012Metric",-118.072400,-69.432900,-90.000000,bottom
"R9","1k","R_0805_2012Metric",-93.212400,-69.432900,-90.000000,bottom
"R9","1k","R_0805_2012Metric",-167.792400,-101.912900,-90.000000,bottom
"R10","22k","R_0805_2012Metric",-169.722800,-69.382100,-90.000000,bottom
"R10","22k","R_0805_2012Metric",-120.002800,-101.862100,-90.000000,bottom
"R10","22k","R_0805_2012Metric",-120.002800,-69.382100,-90.000000,bottom
"R10","22k","R_0805_2012Metric",-95.142800,-69.382100,-90.000000,bottom
"R10","22k","R_0805_2012Metric",-144.862800,-69.382100,-90.000000,bottom
"R10","22k","R_0805_2012Metric",-144.862800,-101.862100,-90.000000,bottom
"R10","22k","R_0805_2012Metric",-95.142800,-101.862100,-90.000000,bottom
"R10","22k","R_0805_2012Metric",-169.722800,-101.862100,-90.000000,bottom
"R11","10k","R_0805_2012Metric",-141.002000,-69.432900,90.000000,bottom
"R11","10k","R_0805_2012Metric",-141.002000,-101.912900,90.000000,bottom
"R11","10k","R_0805_2012Metric",-116.142000,-101.912900,90.000000,bottom
"R11","10k","R_0805_2012Metric",-91.282000,-101.912900,90.000000,bottom
"R11","10k","R_0805_2012Metric",-91.282000,-69.432900,90.000000,bottom
"R11","10k","R_0805_2012Metric",-116.142000,-69.432900,90.000000,bottom
"R11","10k","R_0805_2012Metric",-165.862000,-101.912900,90.000000,bottom
"R11","10k","R_0805_2012Metric",-165.862000,-69.432900,90.000000,bottom
"R12","10k","R_0805_2012Metric",-117.716800,-92.616500,90.000000,bottom
"R12","10k","R_0805_2012Metric",-92.856800,-60.136500,90.000000,bottom
"R12","10k","R_0805_2012Metric",-117.716800,-60.136500,90.000000,bottom
"R12","10k","R_0805_2012Metric",-92.856800,-92.616500,90.000000,bottom
"R12","10k","R_0805_2012Metric",-142.576800,-60.136500,90.000000,bottom
"R12","10k","R_0805_2012Metric",-167.436800,-60.136500,90.000000,bottom
"R12","10k","R_0805_2012Metric",-167.436800,-92.616500,90.000000,bottom
"R12","10k","R_0805_2012Metric",-142.576800,-92.616500,90.000000,bottom
"R13","910k","R_0805_2012Metric",-102.831700,-62.508200,90.000000,bottom
"R13","910k","R_0805_2012Metric",-177.411700,-94.988200,90.000000,bottom
"R13","910k","R_0805_2012Metric",-152.551700,-94.988200,90.000000,bottom
"R13","910k","R_0805_2012Metric",-127.691700,-94.988200,90.000000,bottom
"R13","910k","R_0805_2012Metric",-127.691700,-62.508200,90.000000,bottom
"R13","910k","R_0805_2012Metric",-152.551700,-62.508200,90.000000,bottom
"R13","910k","R_0805_2012Metric",-177.411700,-62.508200,90.000000,bottom
"R13","910k","R_0805_2012Metric",-102.831700,-94.988200,90.000000,bottom
"SW1","On","SW_SPDT_PCM12",-108.496400,-87.209600,90.000000,bottom
"SW1","On","SW_SPDT_PCM12",-108.496400,-54.729600,90.000000,bottom
"SW1","On","SW_SPDT_PCM12",-158.216400,-87.209600,90.000000,bottom
"SW1","On","SW_SPDT_PCM12",-133.356400,-87.209600,90.000000,bottom
"SW1","On","SW_SPDT_PCM12",-158.216400,-54.729600,90.000000,bottom
"SW1","On","SW_SPDT_PCM12",-83.636400,-54.729600,90.000000,bottom
"SW1","On","SW_SPDT_PCM12",-83.636400,-87.209600,90.000000,bottom
"SW1","On","SW_SPDT_PCM12",-133.356400,-54.729600,90.000000,bottom
"U1","SE555D","SOIC-8_3.9x4.9mm_P1.27mm",-121.501400,-95.957000,-90.000000,bottom
"U1","SE555D","SOIC-8_3.9x4.9mm_P1.27mm",-171.221400,-95.957000,-90.000000,bottom
"U1","SE555D","SOIC-8_3.9x4.9mm_P1.27mm",-146.361400,-95.957000,-90.000000,bottom
"U1","SE555D","SOIC-8_3.9x4.9mm_P1.27mm",-96.641400,-95.957000,-90.000000,bottom
"U1","SE555D","SOIC-8_3.9x4.9mm_P1.27mm",-171.221400,-63.477000,-90.000000,bottom
"U1","SE555D","SOIC-8_3.9x4.9mm_P1.27mm",-121.501400,-63.477000,-90.000000,bottom
"U1","SE555D","SOIC-8_3.9x4.9mm_P1.27mm",-146.361400,-63.477000,-90.000000,bottom
"U1","SE555D","SOIC-8_3.9x4.9mm_P1.27mm",-96.641400,-63.477000,-90.000000,bottom
"U3","49E Hall","SOT-23-3",-115.735600,-54.652000,180.000000,bottom
"U3","49E Hall","SOT-23-3",-90.875600,-87.132000,180.000000,bottom
"U3","49E Hall","SOT-23-3",-165.455600,-87.132000,180.000000,bottom
"U3","49E Hall","SOT-23-3",-140.595600,-87.132000,180.000000,bottom
"U3","49E Hall","SOT-23-3",-115.735600,-87.132000,180.000000,bottom
"U3","49E Hall","SOT-23-3",-140.595600,-54.652000,180.000000,bottom
"U3","49E Hall","SOT-23-3",-90.875600,-54.652000,180.000000,bottom
"U3","49E Hall","SOT-23-3",-165.455600,-54.652000,180.000000,bottom
"U4","LM393","SOIC-8_3.9x4.9mm_P1.27mm",-163.601400,-96.007800,90.000000,bottom
"U4","LM393","SOIC-8_3.9x4.9mm_P1.27mm",-89.021400,-96.007800,90.000000,bottom
"U4","LM393","SOIC-8_3.9x4.9mm_P1.27mm",-113.881400,-96.007800,90.000000,bottom
"U4","LM393","SOIC-8_3.9x4.9mm_P1.27mm",-138.741400,-96.007800,90.000000,bottom
"U4","LM393","SOIC-8_3.9x4.9mm_P1.27mm",-113.881400,-63.527800,90.000000,bottom
"U4","LM393","SOIC-8_3.9x4.9mm_P1.27mm",-89.021400,-63.527800,90.000000,bottom
"U4","LM393","SOIC-8_3.9x4.9mm_P1.27mm",-138.741400,-63.527800,90.000000,bottom
"U4","LM393","SOIC-8_3.9x4.9mm_P1.27mm",-163.601400,-63.527800,90.000000,bottom
"","","",166.072800,-47.290000,180.000000,top
"","","",168.322800,-47.290000,180.000000,top
"","","",169.072800,-45.790000,180.000000,top
"","","",166.072800,-45.790000,180.000000,top
"","","",166.822800,-47.290000,180.000000,top
"","","",169.072800,-47.290000,180.000000,top
"","","",165.322800,-47.290000,180.000000,top
"","","",144.212800,-45.790000,180.000000,top
"","","",141.212800,-45.790000,180.000000,top
"","","",144.212800,-47.290000,180.000000,top
"","","",141.212800,-47.290000,180.000000,top
"","","",141.962800,-47.290000,180.000000,top
"","","",140.462800,-47.290000,180.000000,top
"","","",142.712800,-47.290000,180.000000,top
"","","",143.462800,-47.290000,180.000000,top
"","","",167.572800,-47.290000,180.000000,top
"","","",116.352800,-47.290000,180.000000,top
"","","",119.352800,-47.290000,180.000000,top
"","","",115.602800,-47.290000,180.000000,top
"","","",118.602800,-47.290000,180.000000,top
"","","",119.352800,-45.790000,180.000000,top
"","","",117.102800,-47.290000,180.000000,top
"","","",116.352800,-45.790000,180.000000,top
"","","",117.852800,-47.290000,180.000000,top
"","","",94.492800,-45.790000,180.000000,top
"","","",91.492800,-45.790000,180.000000,top
"","","",143.462800,-45.790000,180.000000,top
"","","",142.712800,-45.790000,180.000000,top
"","","",141.962800,-45.790000,180.000000,top
"","","",140.462800,-45.790000,180.000000,top
"","","",167.572800,-45.790000,180.000000,top
"","","",165.322800,-45.790000,180.000000,top
"","","",168.322800,-45.790000,180.000000,top
"","","",166.822800,-45.790000,180.000000,top
"","","",91.492800,-47.290000,180.000000,top
"","","",94.492800,-47.290000,180.000000,top
"","","",93.742800,-47.290000,180.000000,top
"","","",92.992800,-47.290000,180.000000,top
"","","",92.242800,-47.290000,180.000000,top
"","","",90.742800,-47.290000,180.000000,top
"","","",118.602800,-45.790000,180.000000,top
"","","",115.602800,-45.790000,180.000000,top
"","","",117.852800,-45.790000,180.000000,top
"","","",117.102800,-45.790000,180.000000,top
"","","",93.742800,-45.790000,180.000000,top
"","","",90.742800,-45.790000,180.000000,top
"","","",92.992800,-45.790000,180.000000,top
"","","",92.242800,-45.790000,180.000000,top
"","","",94.220800,-78.270000,0.000000,top
"","","",91.970800,-78.270000,0.000000,top
"","","",91.220800,-79.770000,0.000000,top
"","","",94.220800,-79.770000,0.000000,top
"","","",93.470800,-78.270000,0.000000,top
"","","",91.220800,-78.270000,0.000000,top
"","","",94.970800,-78.270000,0.000000,top
"","","",155.750000,-97.260800,90.000000,top
"","","",155.750000,-94.260800,90.000000,top
"","","",154.250000,-94.260800,90.000000,top
"","","",119.080800,-79.770000,0.000000,top
"","","",154.250000,-97.260800,90.000000,top
"","","",116.080800,-78.270000,0.000000,top
"","","",119.080800,-78.270000,0.000000,top
"","","",118.330800,-78.270000,0.000000,top
"","","",119.830800,-78.270000,0.000000,top
"","","",117.580800,-78.270000,0.000000,top
"","","",116.830800,-78.270000,0.000000,top
"","","",92.720800,-78.270000,0.000000,top
"","","",154.250000,-96.510800,90.000000,top
"","","",154.250000,-95.760800,90.000000,top
"","","",154.250000,-95.010800,90.000000,top
"","","",154.250000,-93.510800,90.000000,top
"","","",155.750000,-96.510800,90.000000,top
"","","",130.890000,-64.030800,90.000000,top
"","","",143.940800,-78.270000,0.000000,top
"","","",140.940800,-78.270000,0.000000,top
"","","",130.890000,-61.780800,90.000000,top
"","","",155.750000,-93.510800,90.000000,top
"","","",168.050800,-79.770000,0.000000,top
"","","",167.300800,-79.770000,0.000000,top
"","","",169.550800,-79.770000,0.000000,top
"","","",166.550800,-79.770000,0.000000,top
"","","",155.750000,-95.760800,90.000000,top
"","","",155.750000,-95.010800,90.000000,top
"","","",168.800800,-112.250000,0.000000,top
"","","",165.800800,-112.250000,0.000000,top
"","","",154.250000,-63.280800,90.000000,top
"","","",154.250000,-64.780800,90.000000,top
"","","",155.750000,-61.780800,90.000000,top
"","","",166.550800,-112.250000,0.000000,top
"","","",155.750000,-61.030800,90.000000,top
"","","",167.300800,-112.250000,0.000000,top
"","","",169.550800,-112.250000,0.000000,top
"","","",168.050800,-110.750000,0.000000,top
"","","",168.800800,-110.750000,0.000000,top
"","","",169.550800,-110.750000,0.000000,top
"","","",167.300800,-110.750000,0.000000,top
"","","",94.220800,-110.750000,0.000000,top
"","","",91.220800,-110.750000,0.000000,top
"","","",94.970800,-110.750000,0.000000,top
"","","",91.970800,-110.750000,0.000000,top
"","","",91.220800,-112.250000,0.000000,top
"","","",93.470800,-110.750000,0.000000,top
"","","",94.220800,-112.250000,0.000000,top
"","","",92.720800,-110.750000,0.000000,top
"","","",165.800800,-110.750000,0.000000,top
"","","",166.550800,-110.750000,0.000000,top
"","","",142.440800,-78.270000,0.000000,top
"","","",143.940800,-79.770000,0.000000,top
"","","",129.390000,-61.030800,90.000000,top
"","","",130.890000,-62.530800,90.000000,top
"","","",116.080800,-112.250000,0.000000,top
"","","",119.080800,-112.250000,0.000000,top
"","","",154.250000,-62.530800,90.000000,top
"","","",155.750000,-62.530800,90.000000,top
"","","",155.750000,-63.280800,90.000000,top
"","","",129.390000,-64.030800,90.000000,top
"","","",155.750000,-64.030800,90.000000,top
"","","",154.250000,-61.030800,90.000000,top
"","","",154.250000,-64.030800,90.000000,top
"","","",154.250000,-61.780800,90.000000,top
"","","",155.750000,-64.780800,90.000000,top
"","","",143.190800,-78.270000,0.000000,top
"","","",119.080800,-110.750000,0.000000,top
"","","",116.080800,-110.750000,0.000000,top
"","","",116.830800,-110.750000,0.000000,top
"","","",117.580800,-110.750000,0.000000,top
"","","",118.330800,-110.750000,0.000000,top
"","","",119.830800,-110.750000,0.000000,top
"","","",143.190800,-79.770000,0.000000,top
"","","",140.940800,-79.770000,0.000000,top
"","","",142.440800,-79.770000,0.000000,top
"","","",144.690800,-79.770000,0.000000,top
"","","",141.690800,-78.270000,0.000000,top
"","","",129.390000,-62.530800,90.000000,top
"","","",141.690800,-79.770000,0.000000,top
"","","",129.390000,-63.280800,90.000000,top
"","","",91.970800,-112.250000,0.000000,top
"","","",130.890000,-61.030800,90.000000,top
"","","",94.970800,-112.250000,0.000000,top
"","","",130.890000,-63.280800,90.000000,top
"","","",92.720800,-112.250000,0.000000,top
"","","",144.690800,-78.270000,0.000000,top
"","","",129.390000,-64.780800,90.000000,top
"","","",93.470800,-112.250000,0.000000,top
"","","",130.890000,-64.780800,90.000000,top
"","","",129.390000,-61.780800,90.000000,top
"","","",169.550800,-78.270000,0.000000,top
"","","",106.030000,-97.260800,90.000000,top
"","","",104.530000,-94.260800,90.000000,top
"","","",104.530000,-96.510800,90.000000,top
"","","",104.530000,-93.510800,90.000000,top
"","","",106.030000,-96.510800,90.000000,top
"","","",106.030000,-95.760800,90.000000,top
"","","",106.030000,-95.010800,90.000000,top
"","","",104.530000,-95.010800,90.000000,top
"","","",106.030000,-93.510800,90.000000,top
"","","",106.030000,-94.260800,90.000000,top
"","","",104.530000,-97.260800,90.000000,top
"","","",104.530000,-95.760800,90.000000,top
"","","",116.830800,-112.250000,0.000000,top
"","","",119.830800,-112.250000,0.000000,top
"","","",117.580800,-112.250000,0.000000,top
"","","",118.330800,-112.250000,0.000000,top
"","","",168.050800,-78.270000,0.000000,top
"","","",167.300800,-78.270000,0.000000,top
"","","",166.550800,-78.270000,0.000000,top
"","","",165.800800,-78.270000,0.000000,top
"","","",168.800800,-78.270000,0.000000,top
"","","",93.470800,-79.770000,0.000000,top
"","","",106.030000,-64.780800,90.000000,top
"","","",91.970800,-79.770000,0.000000,top
"","","",94.970800,-79.770000,0.000000,top
"","","",92.720800,-79.770000,0.000000,top
"","","",104.530000,-61.780800,90.000000,top
"","","",106.030000,-63.280800,90.000000,top
"","","",104.530000,-64.030800,90.000000,top
"","","",104.530000,-63.280800,90.000000,top
"","","",140.940800,-112.250000,0.000000,top
"","","",143.940800,-112.250000,0.000000,top
"","","",143.940800,-110.750000,0.000000,top
"","","",140.940800,-110.750000,0.000000,top
"","","",141.690800,-110.750000,0.000000,top
"","","",142.440800,-110.750000,0.000000,top
"","","",143.190800,-110.750000,0.000000,top
"","","",144.690800,-110.750000,0.000000,top
"","","",130.890000,-97.260800,90.000000,top
"","","",129.390000,-94.260800,90.000000,top
"","","",129.390000,-96.510800,90.000000,top
"","","",129.390000,-93.510800,90.000000,top
"","","",130.890000,-96.510800,90.000000,top
"","","",130.890000,-95.760800,90.000000,top
"","","",130.890000,-95.010800,90.000000,top
"","","",129.390000,-95.010800,90.000000,top
"","","",130.890000,-93.510800,90.000000,top
"","","",130.890000,-94.260800,90.000000,top
"","","",129.390000,-97.260800,90.000000,top
"","","",129.390000,-95.760800,90.000000,top
"","","",141.690800,-112.250000,0.000000,top
"","","",144.690800,-112.250000,0.000000,top
"","","",142.440800,-112.250000,0.000000,top
"","","",143.190800,-112.250000,0.000000,top
"","","",119.830800,-79.770000,0.000000,top
"","","",106.030000,-61.030800,90.000000,top
"","","",104.530000,-62.530800,90.000000,top
"","","",106.030000,-62.530800,90.000000,top
"","","",168.050800,-112.250000,0.000000,top
"","","",118.330800,-79.770000,0.000000,top
"","","",117.580800,-79.770000,0.000000,top
"","","",104.530000,-64.780800,90.000000,top
"","","",106.030000,-64.030800,90.000000,top
"","","",106.030000,-61.780800,90.000000,top
"","","",104.530000,-61.030800,90.000000,top
"","","",116.830800,-79.770000,0.000000,top
"","","",168.800800,-79.770000,0.000000,top
"","","",165.800800,-79.770000,0.000000,top
"","","",116.080800,-79.770000,0.000000,top
"BT1","3Volts","cr1616",92.881700,-69.561800,180.000000,top
"BT1","3Volts","cr1616",92.881700,-102.041800,180.000000,top
"BT1","3Volts","cr1616",117.741700,-69.561800,180.000000,top
"BT1","3Volts","cr1616",142.601700,-102.041800,180.000000,top
"BT1","3Volts","cr1616",167.461700,-69.561800,180.000000,top
"BT1","3Volts","cr1616",117.741700,-102.041800,180.000000,top
"BT1","3Volts","cr1616",167.461700,-102.041800,180.000000,top
"BT1","3Volts","cr1616",142.601700,-69.561800,180.000000,top
"C1","4u7","C_0805_2012Metric",161.645600,-83.118800,90.000000,top
"C1","4u7","C_0805_2012Metric",111.925600,-83.118800,90.000000,top
"C1","4u7","C_0805_2012Metric",136.785600,-50.638800,90.000000,top
"C1","4u7","C_0805_2012Metric",136.785600,-83.118800,90.000000,top
"C1","4u7","C_0805_2012Metric",161.645600,-50.638800,90.000000,top
"C1","4u7","C_0805_2012Metric",111.925600,-50.638800,90.000000,top
"C1","4u7","C_0805_2012Metric",87.065600,-50.638800,90.000000,top
"C1","4u7","C_0805_2012Metric",87.065600,-83.118800,90.000000,top
"C2","4u7","C_0805_2012Metric",108.623600,-92.516800,90.000000,top
"C2","4u7","C_0805_2012Metric",83.763600,-60.036800,90.000000,top
"C2","4u7","C_0805_2012Metric",158.343600,-92.516800,90.000000,top
"C2","4u7","C_0805_2012Metric",108.623600,-60.036800,90.000000,top
"C2","4u7","C_0805_2012Metric",158.343600,-60.036800,90.000000,top
"C2","4u7","C_0805_2012Metric",83.763600,-92.516800,90.000000,top
"C2","4u7","C_0805_2012Metric",133.483600,-60.036800,90.000000,top
"C2","4u7","C_0805_2012Metric",133.483600,-92.516800,90.000000,top
"C3","4u7","C_0805_2012Metric",89.097600,-50.689600,90.000000,top
"C3","4u7","C_0805_2012Metric",113.957600,-50.689600,90.000000,top
"C3","4u7","C_0805_2012Metric",163.677600,-50.689600,90.000000,top
"C3","4u7","C_0805_2012Metric",113.957600,-83.169600,90.000000,top
"C3","4u7","C_0805_2012Metric",89.097600,-83.169600,90.000000,top
"C3","4u7","C_0805_2012Metric",163.677600,-83.169600,90.000000,top
"C3","4u7","C_0805_2012Metric",138.817600,-83.169600,90.000000,top
"C3","4u7","C_0805_2012Metric",138.817600,-50.689600,90.000000,top
"L1","4.7uH","L_Wuerth_WE-TPC-3816",161.064000,-87.487600,0.000000,top
"L1","4.7uH","L_Wuerth_WE-TPC-3816",86.484000,-55.007600,0.000000,top
"L1","4.7uH","L_Wuerth_WE-TPC-3816",161.064000,-55.007600,0.000000,top
"L1","4.7uH","L_Wuerth_WE-TPC-3816",111.344000,-87.487600,0.000000,top
"L1","4.7uH","L_Wuerth_WE-TPC-3816",86.484000,-87.487600,0.000000,top
"L1","4.7uH","L_Wuerth_WE-TPC-3816",136.204000,-55.007600,0.000000,top
"L1","4.7uH","L_Wuerth_WE-TPC-3816",111.344000,-55.007600,0.000000,top
"L1","4.7uH","L_Wuerth_WE-TPC-3816",136.204000,-87.487600,0.000000,top
"M1","Motor_DC 3V","PinHeader_1x02_P1.27mm_Vertical",101.787200,-59.195700,-90.000000,top
"M1","Motor_DC 3V","PinHeader_1x02_P1.27mm_Vertical",151.507200,-91.675700,-90.000000,top
"M1","Motor_DC 3V","PinHeader_1x02_P1.27mm_Vertical",126.647200,-59.195700,-90.000000,top
"M1","Motor_DC 3V","PinHeader_1x02_P1.27mm_Vertical",176.367200,-59.195700,-90.000000,top
"M1","Motor_DC 3V","PinHeader_1x02_P1.27mm_Vertical",176.367200,-91.675700,-90.000000,top
"M1","Motor_DC 3V","PinHeader_1x02_P1.27mm_Vertical",126.647200,-91.675700,-90.000000,top
"M1","Motor_DC 3V","PinHeader_1x02_P1.27mm_Vertical",151.507200,-59.195700,-90.000000,top
"M1","Motor_DC 3V","PinHeader_1x02_P1.27mm_Vertical",101.787200,-91.675700,-90.000000,top
"Q2","BSS214NW","SOT-323_SC-70",172.177200,-92.608000,0.000000,top
"Q2","BSS214NW","SOT-323_SC-70",147.317200,-92.608000,0.000000,top
"Q2","BSS214NW","SOT-323_SC-70",172.177200,-60.128000,0.000000,top
"Q2","BSS214NW","SOT-323_SC-70",97.597200,-92.608000,0.000000,top
"Q2","BSS214NW","SOT-323_SC-70",147.317200,-60.128000,0.000000,top
"Q2","BSS214NW","SOT-323_SC-70",97.597200,-60.128000,0.000000,top
"Q2","BSS214NW","SOT-323_SC-70",122.457200,-60.128000,0.000000,top
"Q2","BSS214NW","SOT-323_SC-70",122.457200,-92.608000,0.000000,top
"R1","910k","R_0805_2012Metric",91.840800,-51.604000,0.000000,top
"R1","910k","R_0805_2012Metric",166.420800,-51.604000,0.000000,top
"R1","910k","R_0805_2012Metric",91.840800,-84.084000,0.000000,top
"R1","910k","R_0805_2012Metric",116.700800,-51.604000,0.000000,top
"R1","910k","R_0805_2012Metric",116.700800,-84.084000,0.000000,top
"R1","910k","R_0805_2012Metric",141.560800,-51.604000,0.000000,top
"R1","910k","R_0805_2012Metric",141.560800,-84.084000,0.000000,top
"R1","910k","R_0805_2012Metric",166.420800,-84.084000,0.000000,top
"R2","100k","R_0805_2012Metric",116.700800,-49.673600,180.000000,top
"R2","100k","R_0805_2012Metric",116.700800,-82.153600,180.000000,top
"R2","100k","R_0805_2012Metric",91.840800,-82.153600,180.000000,top
"R2","100k","R_0805_2012Metric",141.560800,-49.673600,180.000000,top
"R2","100k","R_0805_2012Metric",91.840800,-49.673600,180.000000,top
"R2","100k","R_0805_2012Metric",166.420800,-82.153600,180.000000,top
"R2","100k","R_0805_2012Metric",166.420800,-49.673600,180.000000,top
"R2","100k","R_0805_2012Metric",141.560800,-82.153600,180.000000,top
"R14","10","R_0805_2012Metric",126.046100,-64.100800,180.000000,top
"R14","10","R_0805_2012Metric",101.186100,-64.100800,180.000000,top
"R14","10","R_0805_2012Metric",150.906100,-64.100800,180.000000,top
"R14","10","R_0805_2012Metric",126.046100,-96.580800,180.000000,top
"R14","10","R_0805_2012Metric",101.186100,-96.580800,180.000000,top
"R14","10","R_0805_2012Metric",175.766100,-64.100800,180.000000,top
"R14","10","R_0805_2012Metric",150.906100,-96.580800,180.000000,top
"R14","10","R_0805_2012Metric",175.766100,-96.580800,180.000000,top
"U2","TPS61070","SOT-23-6",91.266800,-87.170000,90.000000,top
"U2","TPS61070","SOT-23-6",140.986800,-87.170000,90.000000,top
"U2","TPS61070","SOT-23-6",165.846800,-54.690000,90.000000,top
"U2","TPS61070","SOT-23-6",91.266800,-54.690000,90.000000,top
"U2","TPS61070","SOT-23-6",140.986800,-54.690000,90.000000,top
"U2","TPS61070","SOT-23-6",165.846800,-87.170000,90.000000,top
"U2","TPS61070","SOT-23-6",116.126800,-87.170000,90.000000,top
"U2","TPS61070","SOT-23-6",116.126800,-54.690000,90.000000,top
